RED,GET,redwellsvc.52.74.106.12.xip.io,5000,/barton-rec
RED,GET,redwellsvc.52.74.106.12.xip.io,5000,/barton-rec/{id}
RED,POST,redwellsvc.52.74.106.12.xip.io,5000,/barton-rec
RED,PATCH,redwellsvc.52.74.106.12.xip.io,5000,/barton-rec/{id}
RED,DELETE,redwellsvc.52.74.106.12.xip.io,5000,/barton-rec/{id}
RED,GET,redwellsvc.52.74.106.12.xip.io,5000,/barton-rec/details
RED,GET,redwellsvc.52.74.106.12.xip.io,5000,/barton-rec/details/{id}
RED,POST,redwellsvc.52.74.106.12.xip.io,5000,/barton-rec/details
RED,PATCH,redwellsvc.52.74.106.12.xip.io,5000,/barton-rec/details/{id}
RED,DELETE,redwellsvc.52.74.106.12.xip.io,5000,/barton-rec/details/{id}
RED,GET,redwellsvc.52.74.106.12.xip.io,5000,/barton-rec/checks
RED,GET,redwellsvc.52.74.106.12.xip.io,5000,/barton-rec/checks/{id}
RED,POST,redwellsvc.52.74.106.12.xip.io,5000,/barton-rec/checks
RED,PATCH,redwellsvc.52.74.106.12.xip.io,5000,/barton-rec/checks/{id}
RED,DELETE,redwellsvc.52.74.106.12.xip.io,5000,/barton-rec/checks/{id}
RED,GET,redwellsvc.52.74.106.12.xip.io,5000,/blockage
RED,GET,redwellsvc.52.74.106.12.xip.io,5000,/blockage/{id}
RED,POST,redwellsvc.52.74.106.12.xip.io,5000,/blockage
RED,PATCH,redwellsvc.52.74.106.12.xip.io,5000,/blockage/{id}
RED,DELETE,redwellsvc.52.74.106.12.xip.io,5000,/blockage/{id}
RED,GET,redwellsvc.52.74.106.12.xip.io,5000,/blockage/details
RED,GET,redwellsvc.52.74.106.12.xip.io,5000,/blockage/details/{id}
RED,POST,redwellsvc.52.74.106.12.xip.io,5000,/blockage/details
RED,PATCH,redwellsvc.52.74.106.12.xip.io,5000,/blockage/details/{id}
RED,DELETE,redwellsvc.52.74.106.12.xip.io,5000,/blockage/details/{id}
RED,POST,redwellsvc.52.74.106.12.xip.io,5000,/blockage/upload
RED,GET,redwellsvc.52.74.106.12.xip.io,5000,/blockage/download
RED,GET,redwellsvc.52.74.106.12.xip.io,5000,/bom-separator
RED,GET,redwellsvc.52.74.106.12.xip.io,5000,/bom-separator/{id}
RED,POST,redwellsvc.52.74.106.12.xip.io,5000,/bom-separator
RED,PATCH,redwellsvc.52.74.106.12.xip.io,5000,/bom-separator/{id}
RED,DELETE,redwellsvc.52.74.106.12.xip.io,5000,/bom-separator/{id}
RED,GET,redwellsvc.52.74.106.12.xip.io,5000,/bom-separator/details
RED,GET,redwellsvc.52.74.106.12.xip.io,5000,/bom-separator/details/{id}
RED,POST,redwellsvc.52.74.106.12.xip.io,5000,/bom-separator/details
RED,PATCH,redwellsvc.52.74.106.12.xip.io,5000,/bom-separator/details/{id}
RED,DELETE,redwellsvc.52.74.106.12.xip.io,5000,/bom-separator/details/{id}
RED,POST,redwellsvc.52.74.106.12.xip.io,5000,/bom-separator/upload
RED,GET,redwellsvc.52.74.106.12.xip.io,5000,/bom-separator/download
RED,GET,redwellsvc.52.74.106.12.xip.io,5000,/bom-silencer
RED,GET,redwellsvc.52.74.106.12.xip.io,5000,/bom-silencer/{id}
RED,POST,redwellsvc.52.74.106.12.xip.io,5000,/bom-silencer
RED,PATCH,redwellsvc.52.74.106.12.xip.io,5000,/bom-silencer/{id}
RED,DELETE,redwellsvc.52.74.106.12.xip.io,5000,/bom-silencer/{id}
RED,GET,redwellsvc.52.74.106.12.xip.io,5000,/bom-silencer/details
RED,GET,redwellsvc.52.74.106.12.xip.io,5000,/bom-silencer/details/{id}
RED,POST,redwellsvc.52.74.106.12.xip.io,5000,/bom-silencer/details
RED,PATCH,redwellsvc.52.74.106.12.xip.io,5000,/bom-silencer/details/{id}
RED,DELETE,redwellsvc.52.74.106.12.xip.io,5000,/bom-silencer/details/{id}
RED,POST,redwellsvc.52.74.106.12.xip.io,5000,/bom-silencer/upload
RED,GET,redwellsvc.52.74.106.12.xip.io,5000,/bom-silencer/download
RED,GET,redwellsvc.52.74.106.12.xip.io,5000,/bom-tft
RED,GET,redwellsvc.52.74.106.12.xip.io,5000,/bom-tft/{id}
RED,GET,redwellsvc.52.74.106.12.xip.io,5000,/bom-tft/download
RED,GET,redwellsvc.52.74.106.12.xip.io,5000,/bore-history
RED,GET,redwellsvc.52.74.106.12.xip.io,5000,/bore-history/{id}
RED,POST,redwellsvc.52.74.106.12.xip.io,5000,/bore-history
RED,PATCH,redwellsvc.52.74.106.12.xip.io,5000,/bore-history/{id}
RED,DELETE,redwellsvc.52.74.106.12.xip.io,5000,/bore-history/{id}
RED,POST,redwellsvc.52.74.106.12.xip.io,5000,/bore-history/upload
RED,GET,redwellsvc.52.74.106.12.xip.io,5000,/bore-history/download
RED,GET,redwellsvc.52.74.106.12.xip.io,5000,/casing-profile
RED,GET,redwellsvc.52.74.106.12.xip.io,5000,/casing-profile/download
RED,GET,redwellsvc.52.74.106.12.xip.io,5000,/deviation-surveys
RED,GET,redwellsvc.52.74.106.12.xip.io,5000,/deviation-surveys/download
RED,GET,redwellsvc.52.74.106.12.xip.io,5000,/fishing-op
RED,GET,redwellsvc.52.74.106.12.xip.io,5000,/fishing-op/{id}
RED,POST,redwellsvc.52.74.106.12.xip.io,5000,/fishing-op
RED,PATCH,redwellsvc.52.74.106.12.xip.io,5000,/fishing-op/{id}
RED,DELETE,redwellsvc.52.74.106.12.xip.io,5000,/fishing-op/{id}
RED,GET,redwellsvc.52.74.106.12.xip.io,5000,/fishing-op/details
RED,GET,redwellsvc.52.74.106.12.xip.io,5000,/fishing-op/details/{id}
RED,POST,redwellsvc.52.74.106.12.xip.io,5000,/fishing-op/details
RED,PATCH,redwellsvc.52.74.106.12.xip.io,5000,/fishing-op/details/{id}
RED,DELETE,redwellsvc.52.74.106.12.xip.io,5000,/fishing-op/details/{id}
RED,GET,redwellsvc.52.74.106.12.xip.io,5000,/fishing-op/details/download
RED,GET,redwellsvc.52.74.106.12.xip.io,5000,/h2s-mon
RED,GET,redwellsvc.52.74.106.12.xip.io,5000,/h2s-mon/{id}
RED,POST,redwellsvc.52.74.106.12.xip.io,5000,/h2s-mon
RED,PATCH,redwellsvc.52.74.106.12.xip.io,5000,/h2s-mon/{id}
RED,DELETE,redwellsvc.52.74.106.12.xip.io,5000,/h2s-mon/{id}
RED,GET,redwellsvc.52.74.106.12.xip.io,5000,/h2s-mon/details
RED,GET,redwellsvc.52.74.106.12.xip.io,5000,/h2s-mon/details/{id}
RED,POST,redwellsvc.52.74.106.12.xip.io,5000,/h2s-mon/details
RED,PATCH,redwellsvc.52.74.106.12.xip.io,5000,/h2s-mon/details/{id}
RED,DELETE,redwellsvc.52.74.106.12.xip.io,5000,/h2s-mon/details/{id}
RED,GET,redwellsvc.52.74.106.12.xip.io,5000,/h2s-mon/details/download
RED,GET,redwellsvc.52.74.106.12.xip.io,5000,/hydraulic-stim-mon
RED,GET,redwellsvc.52.74.106.12.xip.io,5000,/hyd-stim-mon/{id}
RED,POST,redwellsvc.52.74.106.12.xip.io,5000,/hyd-stim-mon
RED,PATCH,redwellsvc.52.74.106.12.xip.io,5000,/hyd-stim-mon/{id}
RED,DELETE,redwellsvc.52.74.106.12.xip.io,5000,/hyd-stim-mon/{id}
RED,GET,redwellsvc.52.74.106.12.xip.io,5000,/hydraulic-stim-mon/details
RED,GET,redwellsvc.52.74.106.12.xip.io,5000,/hyd-stim-mon/details/{id}
RED,POST,redwellsvc.52.74.106.12.xip.io,5000,/hyd-stim-mon/details
RED,PATCH,redwellsvc.52.74.106.12.xip.io,5000,/hyd-stim-mon/details/{id}
RED,DELETE,redwellsvc.52.74.106.12.xip.io,5000,/hyd-stim-mon/details/{id}
RED,GET,redwellsvc.52.74.106.12.xip.io,5000,hydraulic-stim-mon/details/download
RED,GET,redwellsvc.52.74.106.12.xip.io,5000,/ktkp-survey
RED,GET,redwellsvc.52.74.106.12.xip.io,5000,/ktkp-survey/{id}
RED,POST,redwellsvc.52.74.106.12.xip.io,5000,/ktkp-survey
RED,PATCH,redwellsvc.52.74.106.12.xip.io,5000,/ktkp-survey/{id}
RED,DELETE,redwellsvc.52.74.106.12.xip.io,5000,/ktkp-survey/{id}
RED,GET,redwellsvc.52.74.106.12.xip.io,5000,/ktkp-survey/details
RED,GET,redwellsvc.52.74.106.12.xip.io,5000,/ktkp-survey/details/{id}
RED,POST,redwellsvc.52.74.106.12.xip.io,5000,/ktkp-survey/details
RED,PATCH,redwellsvc.52.74.106.12.xip.io,5000,/ktkp-survey/details/{id}
RED,DELETE,redwellsvc.52.74.106.12.xip.io,5000,/ktkp-survey/details/{id}
RED,POST,redwellsvc.52.74.106.12.xip.io,5000,/ktkp-survey/upload
RED,GET,redwellsvc.52.74.106.12.xip.io,5000,/ktkp-survey/details/download
RED,GET,redwellsvc.52.74.106.12.xip.io,5000,/ktkp-survey-res/{id}
RED,POST,redwellsvc.52.74.106.12.xip.io,5000,/ktkp-survey-res
RED,PATCH,redwellsvc.52.74.106.12.xip.io,5000,/ktkp-survey-res/{id}
RED,DELETE,redwellsvc.52.74.106.12.xip.io,5000,/ktkp-survey-res/{id}
RED,GET,redwellsvc.52.74.106.12.xip.io,5000,/ktkp-survey-res/details/{id}
RED,POST,redwellsvc.52.74.106.12.xip.io,5000,/ktkp-survey-res/details
RED,PATCH,redwellsvc.52.74.106.12.xip.io,5000,/ktkp-survey-res/details/{id}
RED,DELETE,redwellsvc.52.74.106.12.xip.io,5000,/ktkp-survey-res/details/{id}
RED,POST,redwellsvc.52.74.106.12.xip.io,5000,/ktkp-survey-res/upload
RED,GET,redwellsvc.52.74.106.12.xip.io,5000,/kuster-kpg-ktg
RED,GET,redwellsvc.52.74.106.12.xip.io,5000,/kuster-kpg-ktg/{id}
RED,POST,redwellsvc.52.74.106.12.xip.io,5000,/kuster-kpg-ktg
RED,PATCH,redwellsvc.52.74.106.12.xip.io,5000,/kuster-kpg-ktg/{id}
RED,DELETE,redwellsvc.52.74.106.12.xip.io,5000,/kuster-kpg-ktg/{id}
RED,GET,redwellsvc.52.74.106.12.xip.io,5000,/kuster-kpg-ktg/details
RED,GET,redwellsvc.52.74.106.12.xip.io,5000,/kuster-kpg-ktg/details/{id}
RED,POST,redwellsvc.52.74.106.12.xip.io,5000,/kuster-kpg-ktg/details
RED,PATCH,redwellsvc.52.74.106.12.xip.io,5000,/kuster-kpg-ktg/details/{id}
RED,DELETE,redwellsvc.52.74.106.12.xip.io,5000,/kuster-kpg-ktg/details/{id}
RED,GET,redwellsvc.52.74.106.12.xip.io,5000,/kuster-kpg-ktg/details/download
RED,GET,redwellsvc.52.74.106.12.xip.io,5000,/permeable-zone
RED,GET,redwellsvc.52.74.106.12.xip.io,5000,/permeable-zone/{id}
RED,POST,redwellsvc.52.74.106.12.xip.io,5000,/permeable-zone
RED,PATCH,redwellsvc.52.74.106.12.xip.io,5000,/permeable-zone/{id}
RED,DELETE,redwellsvc.52.74.106.12.xip.io,5000,/permeable-zone/{id}
RED,POST,redwellsvc.52.74.106.12.xip.io,5000,/permeable-zone/upload
RED,GET,redwellsvc.52.74.106.12.xip.io,5000,/permeable-zone/details/download
RED,GET,redwellsvc.52.74.106.12.xip.io,5000,/pressure-drop
RED,GET,redwellsvc.52.74.106.12.xip.io,5000,/pressure-drop/{id}
RED,POST,redwellsvc.52.74.106.12.xip.io,5000,/pressure-drop
RED,PATCH,redwellsvc.52.74.106.12.xip.io,5000,/pressure-drop/{id}
RED,DELETE,redwellsvc.52.74.106.12.xip.io,5000,/pressure-drop/{id}
RED,GET,redwellsvc.52.74.106.12.xip.io,5000,/pressure-drop/details
RED,GET,redwellsvc.52.74.106.12.xip.io,5000,/pressure-drop/details/{id}
RED,POST,redwellsvc.52.74.106.12.xip.io,5000,/pressure-drop/details
RED,PATCH,redwellsvc.52.74.106.12.xip.io,5000,/pressure-drop/details/{id}
RED,DELETE,redwellsvc.52.74.106.12.xip.io,5000,/pressure-drop/details/{id}
RED,GET,redwellsvc.52.74.106.12.xip.io,5000,/pressure-drop/details/download
RED,GET,redwellsvc.52.74.106.12.xip.io,5000,/pts-import/details
RED,GET,redwellsvc.52.74.106.12.xip.io,5000,/pts-import/details/{id}
RED,POST,redwellsvc.52.74.106.12.xip.io,5000,/pts-import/details
RED,PATCH,redwellsvc.52.74.106.12.xip.io,5000,/pts-import/details/{id}
RED,DELETE,redwellsvc.52.74.106.12.xip.io,5000,/pts-import/details/{id}
RED,GET,redwellsvc.52.74.106.12.xip.io,5000,/pts-survey
RED,GET,redwellsvc.52.74.106.12.xip.io,5000,/pts-survey/{id}
RED,POST,redwellsvc.52.74.106.12.xip.io,5000,/pts-survey
RED,PATCH,redwellsvc.52.74.106.12.xip.io,5000,/pts-survey/{id}
RED,DELETE,redwellsvc.52.74.106.12.xip.io,5000,/pts-survey/{id}
RED,GET,redwellsvc.52.74.106.12.xip.io,5000,/pts-survey/details
RED,GET,redwellsvc.52.74.106.12.xip.io,5000,/pts-survey/details/{id}
RED,POST,redwellsvc.52.74.106.12.xip.io,5000,/pts-survey/details
RED,PATCH,redwellsvc.52.74.106.12.xip.io,5000,/pts-survey/details/{id}
RED,DELETE,redwellsvc.52.74.106.12.xip.io,5000,/pts-survey/details/{id}
RED,POST,redwellsvc.52.74.106.12.xip.io,5000,/pts-survey/upload
RED,GET,redwellsvc.52.74.106.12.xip.io,5000,/pts-survey/details/download
RED,GET,redwellsvc.52.74.106.12.xip.io,5000,/quench-op
RED,GET,redwellsvc.52.74.106.12.xip.io,5000,/quench-op/{id}
RED,POST,redwellsvc.52.74.106.12.xip.io,5000,/quench-op
RED,PATCH,redwellsvc.52.74.106.12.xip.io,5000,/quench-op/{id}
RED,DELETE,redwellsvc.52.74.106.12.xip.io,5000,/quench-op/{id}
RED,GET,redwellsvc.52.74.106.12.xip.io,5000,/quench-op/details
RED,GET,redwellsvc.52.74.106.12.xip.io,5000,/quench-op/details/{id}
RED,POST,redwellsvc.52.74.106.12.xip.io,5000,/quench-op/details
RED,PATCH,redwellsvc.52.74.106.12.xip.io,5000,/quench-op/details/{id}
RED,DELETE,redwellsvc.52.74.106.12.xip.io,5000,/quench-op/details/{id}
RED,GET,redwellsvc.52.74.106.12.xip.io,5000,/quench-op/details/download
RED,GET,redwellsvc.52.74.106.12.xip.io,5000,/slickline-testing
RED,GET,redwellsvc.52.74.106.12.xip.io,5000,/slickline-testing/{id}
RED,POST,redwellsvc.52.74.106.12.xip.io,5000,/slickline-testing
RED,PATCH,redwellsvc.52.74.106.12.xip.io,5000,/slickline-testing/{id}
RED,DELETE,redwellsvc.52.74.106.12.xip.io,5000,/slickline-testing/{id}
RED,GET,redwellsvc.52.74.106.12.xip.io,5000,/slickline-testing/details
RED,GET,redwellsvc.52.74.106.12.xip.io,5000,/slickline-testing/details/{id}
RED,POST,redwellsvc.52.74.106.12.xip.io,5000,/slickline-testing/details
RED,PATCH,redwellsvc.52.74.106.12.xip.io,5000,/slickline-testing/details/{id}
RED,DELETE,redwellsvc.52.74.106.12.xip.io,5000,/slickline-testing/details/{id}
RED,GET,redwellsvc.52.74.106.12.xip.io,5000,/slickline-testing/details/download
RED,GET,redwellsvc.52.74.106.12.xip.io,5000,/slickline-utilization
RED,GET,redwellsvc.52.74.106.12.xip.io,5000,/slickline-utilization/{id}
RED,POST,redwellsvc.52.74.106.12.xip.io,5000,/slickline-utilization
RED,PATCH,redwellsvc.52.74.106.12.xip.io,5000,/slickline-utilization/{id}
RED,DELETE,redwellsvc.52.74.106.12.xip.io,5000,/slickline-utilization/{id}
RED,GET,redwellsvc.52.74.106.12.xip.io,5000,/slickline-utilization/details
RED,GET,redwellsvc.52.74.106.12.xip.io,5000,/slickline-utilization/details/{id}
RED,POST,redwellsvc.52.74.106.12.xip.io,5000,/slickline-utilization/details
RED,PATCH,redwellsvc.52.74.106.12.xip.io,5000,/slickline-utilization/details/{id}
RED,DELETE,redwellsvc.52.74.106.12.xip.io,5000,/slickline-utilization/details/{id}
RED,GET,redwellsvc.52.74.106.12.xip.io,5000,/slickline-utilization/details/download
RED,GET,redwellsvc.52.74.106.12.xip.io,5000,/utilization
RED,GET,redwellsvc.52.74.106.12.xip.io,5000,/utilization/{id}
RED,POST,redwellsvc.52.74.106.12.xip.io,5000,/utilization
RED,PATCH,redwellsvc.52.74.106.12.xip.io,5000,/utilization/{id}
RED,DELETE,redwellsvc.52.74.106.12.xip.io,5000,/utilization/{id}
RED,POST,redwellsvc.52.74.106.12.xip.io,5000,/utilization/upload
RED,GET,redwellsvc.52.74.106.12.xip.io,5000,/utilization/details/download
RED,GET,redwellsvc.52.74.106.12.xip.io,5000,/vertical-discharge
RED,GET,redwellsvc.52.74.106.12.xip.io,5000,/vertical-discharge/{id}
RED,POST,redwellsvc.52.74.106.12.xip.io,5000,/vertical-discharge
RED,PATCH,redwellsvc.52.74.106.12.xip.io,5000,/vertical-discharge/{id}
RED,DELETE,redwellsvc.52.74.106.12.xip.io,5000,/vertical-discharge/{id}
RED,GET,redwellsvc.52.74.106.12.xip.io,5000,/vertical-discharge/details
RED,GET,redwellsvc.52.74.106.12.xip.io,5000,/vertical-discharge/details/{id}
RED,POST,redwellsvc.52.74.106.12.xip.io,5000,/vertical-discharge/details
RED,PATCH,redwellsvc.52.74.106.12.xip.io,5000,/vertical-discharge/details/{id}
RED,DELETE,redwellsvc.52.74.106.12.xip.io,5000,/vertical-discharge/details/{id}
RED,GET,redwellsvc.52.74.106.12.xip.io,5000,/vertical-discharge/details/download
RED,GET,redwellsvc.52.74.106.12.xip.io,5000,/water-loss
RED,GET,redwellsvc.52.74.106.12.xip.io,5000,/water-loss/{id}
RED,POST,redwellsvc.52.74.106.12.xip.io,5000,/water-loss
RED,PATCH,redwellsvc.52.74.106.12.xip.io,5000,/water-loss/{id}
RED,DELETE,redwellsvc.52.74.106.12.xip.io,5000,/water-loss/{id}
RED,GET,redwellsvc.52.74.106.12.xip.io,5000,/water-loss/details
RED,GET,redwellsvc.52.74.106.12.xip.io,5000,/water-loss/details/{id}
RED,POST,redwellsvc.52.74.106.12.xip.io,5000,/water-loss/details
RED,PATCH,redwellsvc.52.74.106.12.xip.io,5000,/water-loss/details/{id}
RED,DELETE,redwellsvc.52.74.106.12.xip.io,5000,/water-loss/details/{id}
RED,GET,redwellsvc.52.74.106.12.xip.io,5000,/water-loss/details/download
RED,GET,redwellsvc.52.74.106.12.xip.io,5000,/waterflow-ricap
RED,GET,redwellsvc.52.74.106.12.xip.io,5000,/waterflow-ricap/{id}
RED,POST,redwellsvc.52.74.106.12.xip.io,5000,/waterflow-ricap
RED,PATCH,redwellsvc.52.74.106.12.xip.io,5000,/waterflow-ricap/{id}
RED,DELETE,redwellsvc.52.74.106.12.xip.io,5000,/waterflow-ricap/{id}
RED,GET,redwellsvc.52.74.106.12.xip.io,5000,/waterflow-ricap/details
RED,GET,redwellsvc.52.74.106.12.xip.io,5000,/waterflow-ricap/details/{id}
RED,POST,redwellsvc.52.74.106.12.xip.io,5000,/waterflow-ricap/details
RED,PATCH,redwellsvc.52.74.106.12.xip.io,5000,/waterflow-ricap/details/{id}
RED,DELETE,redwellsvc.52.74.106.12.xip.io,5000,/waterflow-ricap/details/{id}
RED,GET,redwellsvc.52.74.106.12.xip.io,5000,/waterflow-ricap/details/download
RED,GET,redwellsvc.52.74.106.12.xip.io,5000,/well-interference
RED,GET,redwellsvc.52.74.106.12.xip.io,5000,/well-interference/{id}
RED,POST,redwellsvc.52.74.106.12.xip.io,5000,/well-interference
RED,PATCH,redwellsvc.52.74.106.12.xip.io,5000,/well-interference/{id}
RED,DELETE,redwellsvc.52.74.106.12.xip.io,5000,/well-interference/{id}
RED,GET,redwellsvc.52.74.106.12.xip.io,5000,/well-interference/details
RED,GET,redwellsvc.52.74.106.12.xip.io,5000,/well-interference/details/{id}
RED,POST,redwellsvc.52.74.106.12.xip.io,5000,/well-interference/details
RED,PATCH,redwellsvc.52.74.106.12.xip.io,5000,/well-interference/details/{id}
RED,DELETE,redwellsvc.52.74.106.12.xip.io,5000,/well-interference/details/{id}
RED,GET,redwellsvc.52.74.106.12.xip.io,5000,/well-interference/details/download
RED,GET,redwellsvc.52.74.106.12.xip.io,5000,/well-monitoring
RED,GET,redwellsvc.52.74.106.12.xip.io,5000,/well-monitoring/{id}
RED,POST,redwellsvc.52.74.106.12.xip.io,5000,/well-monitoring
RED,PATCH,redwellsvc.52.74.106.12.xip.io,5000,/well-monitoring/{id}
RED,DELETE,redwellsvc.52.74.106.12.xip.io,5000,/well-monitoring/{id}
RED,GET,redwellsvc.52.74.106.12.xip.io,5000,/well-monitoring/details
RED,GET,redwellsvc.52.74.106.12.xip.io,5000,/well-monitoring/details/{id}
RED,POST,redwellsvc.52.74.106.12.xip.io,5000,/well-monitoring/details
RED,PATCH,redwellsvc.52.74.106.12.xip.io,5000,/well-monitoring/details/{id}
RED,DELETE,redwellsvc.52.74.106.12.xip.io,5000,/well-monitoring/details/{id}
RED,GET,redwellsvc.52.74.106.12.xip.io,5000,/well-monitoring/details/download
RED,GET,redwellsvc.52.74.106.12.xip.io,5000,/well-to-well-stim
RED,GET,redwellsvc.52.74.106.12.xip.io,5000,/well-to-well-stim/{id}
RED,POST,redwellsvc.52.74.106.12.xip.io,5000,/well-to-well-stim
RED,PATCH,redwellsvc.52.74.106.12.xip.io,5000,/well-to-well-stim/{id}
RED,DELETE,redwellsvc.52.74.106.12.xip.io,5000,/well-to-well-stim/{id}
RED,GET,redwellsvc.52.74.106.12.xip.io,5000,/well-to-well-stim/details
RED,GET,redwellsvc.52.74.106.12.xip.io,5000,/well-to-well-stim/details/{id}
RED,POST,redwellsvc.52.74.106.12.xip.io,5000,/well-to-well-stim/details
RED,PATCH,redwellsvc.52.74.106.12.xip.io,5000,/well-to-well-stim/details/{id}
RED,DELETE,redwellsvc.52.74.106.12.xip.io,5000,/well-to-well-stim/details/{id}
RED,GET,redwellsvc.52.74.106.12.xip.io,5000,/well-to-well-stim/details/download
RED,GET,redwellsvc.52.74.106.12.xip.io,5000,/pressure-gauge
RED,GET,redwellsvc.52.74.106.12.xip.io,5000,/pressure-gauge/{id}
RED,POST,redwellsvc.52.74.106.12.xip.io,5000,/pressure-gauge
RED,PATCH,redwellsvc.52.74.106.12.xip.io,5000,/pressure-gauge/{id}
RED,DELETE,redwellsvc.52.74.106.12.xip.io,5000,/pressure-gauge/{id}
RED,GET,redwellsvc.52.74.106.12.xip.io,5000,/pressure-gauge/details
RED,GET,redwellsvc.52.74.106.12.xip.io,5000,/pressure-gauge/details/{id}
RED,POST,redwellsvc.52.74.106.12.xip.io,5000,/pressure-gauge/details
RED,PATCH,redwellsvc.52.74.106.12.xip.io,5000,/pressure-gauge/details/{id}
RED,DELETE,redwellsvc.52.74.106.12.xip.io,5000,/pressure-gauge/details/{id}
RED,GET,redwellsvc.52.74.106.12.xip.io,5000,/pressure-gauge/details/download
RED,GET,redwellsvc.52.74.106.12.xip.io,5000,/pressure-gauge/checks
RED,GET,redwellsvc.52.74.106.12.xip.io,5000,/pressure-gauge/checks/{id}
RED,POST,redwellsvc.52.74.106.12.xip.io,5000,/pressure-gauge/checks
RED,PATCH,redwellsvc.52.74.106.12.xip.io,5000,/pressure-gauge/checks/{id}
RED,DELETE,redwellsvc.52.74.106.12.xip.io,5000,/pressure-gauge/checks/{id}
RED,GET,redwellsvc.52.74.106.12.xip.io,5000,/pressure-gauge/checks/download
RED,GET,redwellsvc.52.74.106.12.xip.io,5000,/reinjection
RED,GET,redwellsvc.52.74.106.12.xip.io,5000,/reinjection/{id}
RED,POST,redwellsvc.52.74.106.12.xip.io,5000,/reinjection
RED,PATCH,redwellsvc.52.74.106.12.xip.io,5000,/reinjection/{id}
RED,DELETE,redwellsvc.52.74.106.12.xip.io,5000,/reinjection/{id}
RED,POST,redwellsvc.52.74.106.12.xip.io,5000,/reinjection/upload
RED,GET,redwellsvc.52.74.106.12.xip.io,5000,/reinjection/details/download
Geology,POST,http://integra-dev.energy.com.ph/services/geolobsvpt/,80,/geohazards
Geology,GET,http://integra-dev.energy.com.ph/services/geolobsvpt/,80,/geohazards
Geology,GET,http://integra-dev.energy.com.ph/services/geolobsvpt/,80,/geohazards/{id}
Geology,PATCH,http://integra-dev.energy.com.ph/services/geolobsvpt/,80,/geohazards/{id}
Geology,DELETE,http://integra-dev.energy.com.ph/services/geolobsvpt/,80,/geohazards/{id}
Geology,POST,http://integra-dev.energy.com.ph/services/geolobsvpt/,80,/geohazard-photos
Geology,GET,http://integra-dev.energy.com.ph/services/geolobsvpt/,80,/geohazard-photos
Geology,GET,http://integra-dev.energy.com.ph/services/geolobsvpt/,80,/geohazard-photos/{id}
Geology,PATCH,http://integra-dev.energy.com.ph/services/geolobsvpt/,80,/geohazard-photos/{id}
Geology,DELETE,http://integra-dev.energy.com.ph/services/geolobsvpt/,80,/geohazard-photos/{id}
Geology,POST,http://integra-dev.energy.com.ph/services/geolobsvpt/,80,/observation-points
Geology,GET,http://integra-dev.energy.com.ph/services/geolobsvpt/,80,/observation-points
Geology,GET,http://integra-dev.energy.com.ph/services/geolobsvpt/,80,/observation-points/{id}
Geology,PATCH,http://integra-dev.energy.com.ph/services/geolobsvpt/,80,/observation-points/{id}
Geology,DELETE,http://integra-dev.energy.com.ph/services/geolobsvpt/,80,/observation-points/{id}
Geology,POST,http://integra-dev.energy.com.ph/services/geolobsvpt/,80,/observation-point-faults
Geology,GET,http://integra-dev.energy.com.ph/services/geolobsvpt/,80,/observation-point-faults
Geology,GET,http://integra-dev.energy.com.ph/services/geolobsvpt/,80,/observation-point-faults/{id}
Geology,PATCH,http://integra-dev.energy.com.ph/services/geolobsvpt/,80,/observation-point-faults/{id}
Geology,DELETE,http://integra-dev.energy.com.ph/services/geolobsvpt/,80,/observation-point-faults/{id}
Geology,POST,http://integra-dev.energy.com.ph/services/geolobsvpt/,80,/observation-point-fault-photos
Geology,GET,http://integra-dev.energy.com.ph/services/geolobsvpt/,80,/observation-point-fault-photos
Geology,GET,http://integra-dev.energy.com.ph/services/geolobsvpt/,80,/observation-point-fault-photos/{id}
Geology,PATCH,http://integra-dev.energy.com.ph/services/geolobsvpt/,80,/observation-point-fault-photos/{id}
Geology,DELETE,http://integra-dev.energy.com.ph/services/geolobsvpt/,80,/observation-point-fault-photos/{id}
Geology,POST,http://integra-dev.energy.com.ph/services/geolobsvpt/,80,/observation-point-geologists
Geology,GET,http://integra-dev.energy.com.ph/services/geolobsvpt/,80,/observation-point-geologists
Geology,GET,http://integra-dev.energy.com.ph/services/geolobsvpt/,80,/observation-point-geologists/{id}
Geology,PATCH,http://integra-dev.energy.com.ph/services/geolobsvpt/,80,/observation-point-geologists/{id}
Geology,DELETE,http://integra-dev.energy.com.ph/services/geolobsvpt/,80,/observation-point-geologists/{id}
Geology,POST,http://integra-dev.energy.com.ph/services/geolobsvpt/,80,/observation-point-outcrops
Geology,GET,http://integra-dev.energy.com.ph/services/geolobsvpt/,80,/observation-point-outcrops
Geology,GET,http://integra-dev.energy.com.ph/services/geolobsvpt/,80,/observation-point-outcrops/{id}
Geology,PATCH,http://integra-dev.energy.com.ph/services/geolobsvpt/,80,/observation-point-outcrops/{id}
Geology,DELETE,http://integra-dev.energy.com.ph/services/geolobsvpt/,80,/observation-point-outcrops/{id}
Geology,POST,http://integra-dev.energy.com.ph/services/geolobsvpt/,80,/observation-point-outcrop-photos
Geology,GET,http://integra-dev.energy.com.ph/services/geolobsvpt/,80,/observation-point-outcrop-photos
Geology,GET,http://integra-dev.energy.com.ph/services/geolobsvpt/,80,/observation-point-outcrop-photos/{id}
Geology,PATCH,http://integra-dev.energy.com.ph/services/geolobsvpt/,80,/observation-point-outcrop-photos/{id}
Geology,DELETE,http://integra-dev.energy.com.ph/services/geolobsvpt/,80,/observation-point-outcrop-photos/{id}
Geology,POST,http://integra-dev.energy.com.ph/services/geolobsvpt/,80,/observation-point-photos
Geology,GET,http://integra-dev.energy.com.ph/services/geolobsvpt/,80,/observation-point-photos
Geology,GET,http://integra-dev.energy.com.ph/services/geolobsvpt/,80,/observation-point-photos/{id}
Geology,PATCH,http://integra-dev.energy.com.ph/services/geolobsvpt/,80,/observation-point-photos/{id}
Geology,DELETE,http://integra-dev.energy.com.ph/services/geolobsvpt/,80,/observation-point-photos/{id}
Geology,POST,http://integra-dev.energy.com.ph/services/geolobsvpt/,80,/observation-point-rock-samples
Geology,GET,http://integra-dev.energy.com.ph/services/geolobsvpt/,80,/observation-point-rock-samples
Geology,GET,http://integra-dev.energy.com.ph/services/geolobsvpt/,80,/observation-point-rock-samples/{id}
Geology,PATCH,http://integra-dev.energy.com.ph/services/geolobsvpt/,80,/observation-point-rock-samples/{id}
Geology,DELETE,http://integra-dev.energy.com.ph/services/geolobsvpt/,80,/observation-point-rock-samples/{id}
Geology,POST,http://integra-dev.energy.com.ph/services/geolobsvpt/,80,/observation-point-rock-sample-photos
Geology,GET,http://integra-dev.energy.com.ph/services/geolobsvpt/,80,/observation-point-rock-sample-photos
Geology,GET,http://integra-dev.energy.com.ph/services/geolobsvpt/,80,/observation-point-rock-sample-photos/{id}
Geology,PATCH,http://integra-dev.energy.com.ph/services/geolobsvpt/,80,/observation-point-rock-sample-photos/{id}
Geology,DELETE,http://integra-dev.energy.com.ph/services/geolobsvpt/,80,/observation-point-rock-sample-photos/{id}
Geology,POST,http://integra-dev.energy.com.ph/services/geolobsvpt/,80,/observation-point-stratigraphies
Geology,GET,http://integra-dev.energy.com.ph/services/geolobsvpt/,80,/observation-point-stratigraphies
Geology,GET,http://integra-dev.energy.com.ph/services/geolobsvpt/,80,/observation-point-stratigraphies/{id}
Geology,PATCH,http://integra-dev.energy.com.ph/services/geolobsvpt/,80,/observation-point-stratigraphies/{id}
Geology,DELETE,http://integra-dev.energy.com.ph/services/geolobsvpt/,80,/observation-point-stratigraphies/{id}
Geology,POST,http://integra-dev.energy.com.ph/services/geolobsvpt/,80,/observation-point-stratigraphy-photos
Geology,GET,http://integra-dev.energy.com.ph/services/geolobsvpt/,80,/observation-point-stratigraphy-photos
Geology,GET,http://integra-dev.energy.com.ph/services/geolobsvpt/,80,/observation-point-stratigraphy-photos/{id}
Geology,PATCH,http://integra-dev.energy.com.ph/services/geolobsvpt/,80,/observation-point-stratigraphy-photos/{id}
Geology,DELETE,http://integra-dev.energy.com.ph/services/geolobsvpt/,80,/observation-point-stratigraphy-photos/{id}
Geology,POST,http://integra-dev.energy.com.ph/services/geolobsvpt/,80,/mobile/submit-observation-point
